borough_code,borough_name,avg_price,population,hectares,population_per_hectare,crime_count,amenity_count,amenity_diversity,crime_per_capita
E05000026,Barking And Dagenham,154721.94382022473,791030,5116.0,154.618842847,39156,,,0.04950001896261836
E05000027,Barking And Dagenham,154721.94382022473,466271,5444.0,85.648603967,39156,,,0.08397691471268855
E05000028,Barking And Dagenham,154721.94382022473,566698,5136.0,110.33839564825,39156,,,0.06909500298218804
E05000029,Barking And Dagenham,154721.94382022473,449004,13520.0,33.210355029750005,39156,,,0.08720635005478793
E05000030,Barking And Dagenham,154721.94382022473,453890,13816.0,32.852489867,39156,,,0.08626759787613739
E05000031,Barking And Dagenham,154721.94382022473,490011,5780.0,84.77698961875,39156,,,0.07990841021936242
E05000032,Barking And Dagenham,154721.94382022473,813252,4536.0,179.2883597875,39156,,,0.04814743769458913
E05000033,Barking And Dagenham,154721.94382022473,498295,5120.0,97.3232421875,39156,,,0.07857995765560562
E05000034,Barking And Dagenham,154721.94382022473,468545,8020.0,58.42206982625,39156,,,0.08356934766137725
E05000035,Barking And Dagenham,154721.94382022473,486352,6560.0,74.13902439099999,39156,,,0.08050958976214757
E05000036,Barking And Dagenham,154721.94382022473,448175,7404.0,60.531469476,39156,,,0.08736765772298767
E05000037,Barking And Dagenham,154721.94382022473,398630,4972.0,80.17497988725,39156,,,0.09822642550736271
E05000038,Barking And Dagenham,154721.94382022473,731069,14208.0,51.454743806500005,39156,,,0.05355992389227282
E05000039,Barking And Dagenham,154721.94382022473,1930232,31536.0,61.2072551985,39156,,,0.020285644419945376
E05000040,Barking And Dagenham,154721.94382022473,462200,5172.0,89.365815931,39156,,,0.08471657291215924
E05000041,Barking And Dagenham,154721.94382022473,461268,8560.0,53.88644859775,39156,,,0.08488774421811181
E05000042,Barking And Dagenham,154721.94382022473,606429,6216.0,97.559362929,39156,,,0.06456815224865566
E05000043,Barnet,342576.37078651687,742287,12696.0,58.466209829499995,55640,,,0.07495752990420147
E05000044,Barnet,342576.37078651687,818375,8256.0,99.12487887900001,55640,,,0.06798839162975409
E05000045,Barnet,342576.37078651687,938849,12356.0,75.98324700575,55640,,,0.059264056307244295
E05000046,Barnet,342576.37078651687,1407945,10568.0,133.22719529850002,55640,,,0.039518589149434104
E05000047,Barnet,342576.37078651687,719771,10880.0,66.15542279325,55640,,,0.07730236422417686
E05000048,Barnet,342576.37078651687,736611,15008.0,49.0812233475,55640,,,0.07553511962216149
E05000049,Barnet,342576.37078651687,684423,10096.0,67.7915015845,55640,,,0.08129475485189715
E05000050,Barnet,342576.37078651687,896275,22240.0,40.300134892,55640,,,0.06207916097179995
E05000051,Barnet,342576.37078651687,681235,10836.0,62.8677556295,55640,,,0.0816751928482829
E05000052,Barnet,342576.37078651687,659218,18924.0,34.8350243075,55640,,,0.08440303511129854
E05000053,Barnet,342576.37078651687,1359232,11912.0,114.10611148525,55640,,,0.04093488087390527
E05000054,Barnet,342576.37078651687,748567,21688.0,34.51526189625,55640,,,0.07432868400557331
E05000055,Barnet,342576.37078651687,813527,11360.0,71.61329225375,55640,,,0.06839355055210214
E05000056,Barnet,342576.37078651687,664959,33236.0,20.00719099825,55640,,,0.08367433180090803
E05000057,Barnet,342576.37078651687,1039334,37548.0,27.68014275075,55640,,,0.05353428253092846
E05000058,Barnet,342576.37078651687,682815,13268.0,51.4632951465,55640,,,0.08148620050819036
E05000059,Barnet,342576.37078651687,751173,35072.0,21.41802577525,55640,,,0.07407081990433628
E05000060,Barnet,342576.37078651687,677477,18208.0,37.207655975,55640,,,0.08212824937230341
E05000061,Barnet,342576.37078651687,743066,8644.0,85.96321147625,55640,,,0.07487894749591557
E05000062,Barnet,342576.37078651687,876296,13704.0,63.944541739,55640,,,0.06349452696349178
E05000063,Barnet,342576.37078651687,782395,10448.0,74.88466692224999,55640,,,0.07111497389426057
E05000064,Bexley,189098.03370786516,492014,11480.0,42.8583623695,31872,230.0,5.0,0.06477864451011557
E05000065,Bexley,189098.03370786516,563266,12644.0,44.54808604825,31872,230.0,5.0,0.05658427812081681
E05000066,Bexley,189098.03370786516,440530,6748.0,65.28304682875,31872,230.0,5.0,0.07234921571743128
E05000067,Bexley,189098.03370786516,440765,8392.0,52.522044804749996,31872,230.0,5.0,0.07231064172518235
E05000068,Bexley,189098.03370786516,475545,7892.0,60.25658895025,31872,230.0,5.0,0.06702204838658803
E05000069,Bexley,189098.03370786516,618157,10192.0,60.651197017,31872,230.0,5.0,0.05155971702981605
E05000070,Bexley,189098.03370786516,456973,6564.0,69.61806825149999,31872,230.0,5.0,0.06974591496652975
E05000071,Bexley,189098.03370786516,608680,15872.0,38.3492943545,31872,230.0,5.0,0.05236248932115397
E05000072,Bexley,189098.03370786516,514995,28736.0,17.92159660275,31872,230.0,5.0,0.06188797949494655
E05000073,Bexley,189098.03370786516,491449,10864.0,45.236469072249996,31872,230.0,5.0,0.06485311802445422
E05000074,Bexley,189098.03370786516,499739,8676.0,57.600161364250006,31872,230.0,5.0,0.06377729174629157
E05000075,Bexley,189098.03370786516,754065,19024.0,39.637563078250004,31872,230.0,5.0,0.04226691332975274
E05000076,Bexley,189098.03370786516,481982,6660.0,72.36966967,31872,230.0,5.0,0.06612695079899249
E05000077,Bexley,189098.03370786516,551015,9480.0,58.12394514825,31872,230.0,5.0,0.05784234548968721
E05000078,Bexley,189098.03370786516,464473,10368.0,44.79870756225,31872,230.0,5.0,0.06861970448228423
E05000079,Bexley,189098.03370786516,561322,22756.0,24.6669889255,31872,230.0,5.0,0.05678024378164405
E05000080,Bexley,189098.03370786516,435761,7052.0,61.792541123,31872,230.0,5.0,0.07314101078343403
E05000081,Bexley,189098.03370786516,506646,17716.0,28.598216301500003,31872,230.0,5.0,0.06290782913513578
E05000082,Bexley,189098.03370786516,485531,5776.0,84.0600761785,31872,230.0,5.0,0.06564359433280265
E05000083,Bexley,189098.03370786516,534120,10808.0,49.41894892725,31872,230.0,5.0,0.059671983823859805
E05000084,Bexley,189098.03370786516,592921,19348.0,30.645079595,31872,230.0,5.0,0.05375421008869647
E05000085,Brent,286578.6853932584,931825,8232.0,113.1954567565,64055,,,0.06874144823330561
E05000086,Brent,286578.6853932584,734093,11900.0,61.68848739475,64055,,,0.08725733660449017
E05000087,Brent,286578.6853932584,524844,6888.0,76.1968641105,64055,,,0.12204578884392314
E05000088,Brent,286578.6853932584,572003,9192.0,62.22835073975,64055,,,0.11198367840728109
E05000089,Brent,286578.6853932584,745664,6728.0,110.829964332,64055,,,0.08590330229164879
E05000090,Brent,286578.6853932584,599478,10632.0,56.38431151275,64055,,,0.10685129395907773
E05000091,Brent,286578.6853932584,662644,4460.0,148.57488788749998,64055,,,0.0966657813245121
E05000092,Brent,286578.6853932584,638346,4484.0,142.3608385375,64055,,,0.1003452673001789
E05000093,Brent,286578.6853932584,545765,9000.0,60.64055555525,64055,,,0.11736736507471164
E05000094,Brent,286578.6853932584,728816,3776.0,193.01271187,64055,,,0.08788912427828148
E05000095,Brent,286578.6853932584,650456,5576.0,116.6527977025,64055,,,0.09847706839509514
E05000096,Brent,286578.6853932584,579116,10692.0,54.16348671875001,64055,,,0.11060823738249331
E05000097,Brent,286578.6853932584,681310,9580.0,71.11795407125,64055,,,0.09401740764116188
E05000098,Brent,286578.6853932584,607912,5956.0,102.0671591615,64055,,,0.10536886917843372
E05000099,Brent,286578.6853932584,823466,8200.0,100.4226829265,64055,,,0.07778706103227091
E05000100,Brent,286578.6853932584,867478,16220.0,53.48199753325,64055,,,0.07384048932653046
E05000101,Brent,286578.6853932584,655303,8520.0,76.9134976525,64055,,,0.09774867504040116
E05000102,Brent,286578.6853932584,1388739,11056.0,125.60953328075,64055,,,0.04612457776443234
E05000103,Brent,286578.6853932584,556740,9248.0,60.20112456725,64055,,,0.11505370549987427
E05000104,Brent,286578.6853932584,782976,6412.0,122.11104180550001,64055,,,0.08180965955533759
E05000105,Brent,286578.6853932584,652858,6188.0,105.50387847750001,64055,,,0.09811475083402517
E05000106,Bromley,270319.7415730337,698216,19476.0,35.8500718835,47167,,,0.06755359373030695
E05000107,Bromley,270319.7415730337,464340,33128.0,14.016541897749999,47167,,,0.10157858465779386
E05000108,Bromley,270319.7415730337,700818,33284.0,21.055702439250002,47167,,,0.06730278046511362
E05000109,Bromley,270319.7415730337,966302,14872.0,64.97458310900001,47167,,,0.04881186213005872
E05000110,Bromley,270319.7415730337,629424,50248.0,12.52634930725,47167,,,0.07493676758433107
E05000111,Bromley,270319.7415730337,681255,41796.0,16.299526270250002,47167,,,0.06923545515262274
E05000112,Bromley,270319.7415730337,701710,9064.0,77.417255075,47167,,,0.06721722648957547
E05000113,Bromley,270319.7415730337,702847,13144.0,53.472839318249996,47167,,,0.06710848876071179
E05000114,Bromley,270319.7415730337,688765,53152.0,12.95840231775,47167,,,0.06848054125862958
E05000115,Bromley,270319.7415730337,775202,15752.0,49.21292534275,47167,,,0.060844786262161346
E05000116,Bromley,270319.7415730337,569113,9172.0,62.048953336,47167,,,0.08287809275135166
E05000117,Bromley,270319.7415730337,219021,116140.0,1.8858360600000001,47167,,,0.21535377886138773
E05000118,Bromley,270319.7415730337,628702,27980.0,22.469692637,47167,,,0.07502282480412023
E05000119,Bromley,270319.7415730337,725792,43268.0,16.77433669275,47167,,,0.06498693840659583
E05000120,Bromley,270319.7415730337,743482,20800.0,35.74432692325,47167,,,0.06344067509368082
E05000121,Bromley,270319.7415730337,425682,9796.0,43.454675378000005,47167,,,0.1108033696515239
E05000122,Bromley,270319.7415730337,672036,17024.0,39.47579887175,47167,,,0.07018522817230029
E05000123,Bromley,270319.7415730337,768843,11828.0,65.00194453825,47167,,,0.06134802553967455
E05000124,Bromley,270319.7415730337,653043,17208.0,37.94996513225,47167,,,0.07222648432032806
E05000125,Bromley,270319.7415730337,691691,15972.0,43.306473828499996,47167,,,0.06819085400850958
E05000126,Bromley,270319.7415730337,429745,9824.0,43.744401466,47167,,,0.10975578540762546
E05000127,Bromley,270319.7415730337,664882,17652.0,37.66610015875,47167,,,0.07094040747079933
E05000128,Camden,552531.6516853933,565254,3120.0,181.17115384000002,81461,,,0.14411397354109834
E05000129,Camden,552531.6516853933,504365,4084.0,123.497796275,81461,,,0.16151200023792292
E05000130,Camden,552531.6516853933,620296,4664.0,132.9965694625,81461,,,0.13132601209745026
E05000131,Camden,552531.6516853933,564527,3032.0,186.1896437975,81461,,,0.14429956405982353
E05000132,Camden,552531.6516853933,544952,4020.0,135.56019899749998,81461,,,0.14948289023620429
E05000133,Camden,552531.6516853933,566439,6132.0,92.374266148,81461,,,0.14381248466295576
E05000134,Camden,552531.6516853933,509909,2764.0,184.4822720725,81461,,,0.1597559564549753
E05000135,Camden,552531.6516853933,496076,9800.0,50.61999999975,81461,,,0.1642107257758892
E05000136,Camden,552531.6516853933,559322,2928.0,191.0252732175,81461,,,0.14564240276620624
E05000137,Camden,552531.6516853933,471546,12968.0,36.362276372500006,81461,,,0.17275302939691992
E05000138,Camden,552531.6516853933,634269,4804.0,132.0293505475,81461,,,0.12843288888468457
E05000139,Camden,552531.6516853933,680828,4112.0,165.5710116825,81461,,,0.11964989689025715
E05000140,Camden,552531.6516853933,564490,2744.0,205.71793003000002,81461,,,0.14430902230331805
E05000141,Camden,552531.6516853933,541686,2440.0,222.002459025,81461,,,0.15038417090343853
E05000142,Camden,552531.6516853933,802140,5400.0,148.54444444075,81461,,,0.10155459146782357
E05000143,Camden,552531.6516853933,893302,5600.0,159.5182142835,81461,,,0.09119088505343098
E05000144,Camden,552531.6516853933,606736,5028.0,120.671439935,81461,,,0.1342610295087155
E05000145,Camden,552531.6516853933,629481,3548.0,177.4185456575,81461,,,0.1294097836153911
E05000146,Croydon,213019.08988764044,781530,6380.0,122.49686520499999,67890,,,0.08686806648497179
E05000147,Croydon,213019.08988764044,611656,10856.0,56.3426676495,67890,,,0.11099376119910538
E05000148,Croydon,213019.08988764044,737399,5784.0,127.48945366749999,67890,,,0.0920668457646403
E05000149,Croydon,213019.08988764044,1168061,10668.0,109.492032247,67890,,,0.05812196452068856
E05000150,Croydon,213019.08988764044,512967,30972.0,16.56228206125,67890,,,0.13234769488095727
E05000151,Croydon,213019.08988764044,714577,19980.0,35.7646146145,67890,,,0.09500725604098649
E05000152,Croydon,213019.08988764044,712129,14092.0,50.53427476625,67890,,,0.09533385102979938
E05000153,Croydon,213019.08988764044,1483707,15060.0,98.519721114,67890,,,0.04575701267163935
E05000154,Croydon,213019.08988764044,488631,5940.0,82.261111111,67890,,,0.1389391995186552
E05000155,Croydon,213019.08988764044,545074,34840.0,15.645063146250001,67890,,,0.12455189570590415
E05000156,Croydon,213019.08988764044,654131,25840.0,25.3146671825,67890,,,0.10378655040045495
E05000157,Croydon,213019.08988764044,492500,9712.0,50.710461284000004,67890,,,0.1378477157360406
E05000158,Croydon,213019.08988764044,743775,10080.0,73.78720238,67890,,,0.09127760411414743
E05000159,Croydon,213019.08988764044,757633,16692.0,45.388988737,67890,,,0.08960802921731234
E05000160,Croydon,213019.08988764044,536380,25384.0,21.13063347,67890,,,0.1265707147917521
E05000161,Croydon,213019.08988764044,807335,9108.0,88.64020641275,67890,,,0.08409148618603182
E05000162,Croydon,213019.08988764044,525247,25624.0,20.498243834,67890,,,0.12925347503174697
E05000163,Croydon,213019.08988764044,575926,11200.0,51.421964286000005,67890,,,0.11787972760389355
E05000164,Croydon,213019.08988764044,720135,9524.0,75.61266274675,67890,,,0.09427399029348664
E05000165,Croydon,213019.08988764044,723144,6724.0,107.54669838550001,67890,,,0.09388171650459659
E05000166,Croydon,213019.08988764044,695198,10480.0,66.33568702325,67890,,,0.09765563192069023
E05000167,Croydon,213019.08988764044,823313,14576.0,56.484152030999994,67890,,,0.082459526328383
E05000168,Croydon,213019.08988764044,814492,7896.0,103.15248226399999,67890,,,0.08335256822657558
E05000169,Croydon,213019.08988764044,717751,8668.0,82.80468389475,67890,,,0.09458712004580976
E05000170,Ealing,300023.7528089888,691198,7100.0,97.35183098475,62174,,,0.08995107046027333
E05000171,Ealing,300023.7528089888,627831,8928.0,70.3215725805,62174,,,0.09902983446182173
E05000172,Ealing,300023.7528089888,615429,9036.0,68.10856573725,62174,,,0.10102546353844229
E05000173,Ealing,300023.7528089888,703342,7428.0,94.6879375375,62174,,,0.088397962868704
E05000174,Ealing,300023.7528089888,570045,8560.0,66.5940420565,62174,,,0.10906858230490575
E05000175,Ealing,300023.7528089888,1307498,17088.0,76.51556647875,62174,,,0.04755188918071003
E05000176,Ealing,300023.7528089888,689645,8000.0,86.205625,62174,,,0.09015362976603905
E05000177,Ealing,300023.7528089888,747609,10088.0,74.10874306150001,62174,,,0.08316379283823495
E05000178,Ealing,300023.7528089888,765019,13524.0,56.567509612749994,62174,,,0.08127118411438147
E05000179,Ealing,300023.7528089888,638599,13096.0,48.762904704,62174,,,0.09736000212966196
E05000180,Ealing,300023.7528089888,576050,8832.0,65.2230525355,62174,,,0.10793160315944797
E05000181,Ealing,300023.7528089888,560847,6156.0,91.10575048724999,62174,,,0.11085732829095993
E05000182,Ealing,300023.7528089888,570553,6140.0,92.9239413675,62174,,,0.10897147153726297
E05000183,Ealing,300023.7528089888,642593,12992.0,49.460668103749995,62174,,,0.09675486661074739
E05000184,Ealing,300023.7528089888,626811,11008.0,56.94140625025,62174,,,0.09919098420417
E05000185,Ealing,300023.7528089888,564539,14192.0,39.77867812825,62174,,,0.11013233806698917
E05000186,Ealing,300023.7528089888,729125,15176.0,48.0446099105,62174,,,0.08527207268986799
E05000187,Ealing,300023.7528089888,641714,13460.0,47.67563150025,62174,,,0.09688739843606342
E05000188,Ealing,300023.7528089888,780448,6876.0,113.5031995405,62174,,,0.07966450038951986
E05000189,Ealing,300023.7528089888,939926,6488.0,144.871454987,62174,,,0.06614776056838517
E05000190,Ealing,300023.7528089888,802956,6340.0,126.64921135899999,62174,,,0.07743139101021725
E05000191,Ealing,300023.7528089888,553735,5740.0,96.46951219525,62174,,,0.11228114531319133
E05000192,Ealing,300023.7528089888,569799,5864.0,97.168997271,62174,,,0.10911567061367254
E05000193,Enfield,236548.37078651684,615952,5940.0,103.69562289675,57219,15.0,1.0,0.09289522560199497
E05000194,Enfield,236548.37078651684,607374,10104.0,60.112232778999996,57219,15.0,1.0,0.09420719359076944
E05000195,Enfield,236548.37078651684,584541,67776.0,8.624601628899999,57219,15.0,1.0,0.09788706010356844
E05000196,Enfield,236548.37078651684,690447,41628.0,16.586119919,57219,15.0,1.0,0.08287240005387814
E05000197,Enfield,236548.37078651684,794331,12516.0,63.46524448625,57219,15.0,1.0,0.07203420236651975
E05000198,Enfield,236548.37078651684,701419,18556.0,37.80011856,57219,15.0,1.0,0.08157606223954583
E05000199,Enfield,236548.37078651684,748657,13004.0,57.57128575750001,57219,15.0,1.0,0.07642885860948338
E05000200,Enfield,236548.37078651684,591018,13144.0,44.9648508825,57219,15.0,1.0,0.0968143102240541
E05000201,Enfield,236548.37078651684,707094,7188.0,98.37145242225,57219,15.0,1.0,0.08092134850529067
E05000202,Enfield,236548.37078651684,615205,20352.0,30.2282330975,57219,15.0,1.0,0.09300802171633846
E05000203,Enfield,236548.37078651684,594890,15672.0,37.95877999025,57219,15.0,1.0,0.09618416850173982
E05000204,Enfield,236548.37078651684,740787,8700.0,85.14793103475,57219,15.0,1.0,0.07724082631039692
E05000205,Enfield,236548.37078651684,676539,7764.0,87.13794435825,57219,15.0,1.0,0.08457605548238904
E05000206,Enfield,236548.37078651684,749331,14180.0,52.844217207250004,57219,15.0,1.0,0.07636011322099312
E05000207,Enfield,236548.37078651684,667100,11456.0,58.231494413250005,57219,15.0,1.0,0.08577274771398591
E05000208,Enfield,236548.37078651684,654591,10764.0,60.812987737,57219,15.0,1.0,0.08741183425986608
E05000209,Enfield,236548.37078651684,707448,10468.0,67.5819640805,57219,15.0,1.0,0.08088085626081351
E05000210,Enfield,236548.37078651684,649774,8932.0,72.74675324625,57219,15.0,1.0,0.08805984850117117
E05000211,Enfield,236548.37078651684,634658,9028.0,70.298848028,57219,15.0,1.0,0.09015721853344635
E05000212,Enfield,236548.37078651684,1249258,10604.0,117.81007167275,57219,15.0,1.0,0.04580238829769351
E05000213,Enfield,236548.37078651684,595957,11028.0,54.04035183175,57219,15.0,1.0,0.09601196059447242
E05000214,Greenwich,235279.70786516854,696856,10612.0,65.666792311,54354,,,0.07799889790717164
E05000215,Greenwich,235279.70786516854,531003,8552.0,62.0910898035,54354,,,0.10236100361014909
E05000216,Greenwich,235279.70786516854,602395,8136.0,74.04068338325,54354,,,0.09022983258493181
E05000217,Greenwich,235279.70786516854,553618,10196.0,54.29756767325,54354,,,0.09817961121206319
E05000218,Greenwich,235279.70786516854,574908,10200.0,56.36352941125,54354,,,0.09454382266380013
E05000219,Greenwich,235279.70786516854,551505,18508.0,29.798195375249996,54354,,,0.09855577011994451
E05000220,Greenwich,235279.70786516854,784894,9704.0,80.883553174,54354,,,0.06925011530219367
E05000221,Greenwich,235279.70786516854,830988,6816.0,121.9172535225,54354,,,0.0654088867709281
E05000222,Greenwich,235279.70786516854,858318,11188.0,76.71773328575,54354,,,0.06332617980748394
E05000223,Greenwich,235279.70786516854,576776,9512.0,60.63666947,54354,,,0.09423762431169119
E05000224,Greenwich,235279.70786516854,535841,13136.0,40.7917935445,54354,,,0.10143680681396161
E05000225,Greenwich,235279.70786516854,1657938,17928.0,92.47757697525,54354,,,0.03278409687213876
E05000226,Greenwich,235279.70786516854,720837,9404.0,76.65216928974999,54354,,,0.07540400950561639
E05000227,Greenwich,235279.70786516854,520142,15120.0,34.400925925500005,54354,,,0.10449838697894037
E05000228,Greenwich,235279.70786516854,1041694,19244.0,54.1308459785,54354,,,0.05217847083692524
E05000229,Greenwich,235279.70786516854,908618,10480.0,86.70019084,54354,,,0.0598205186337933
E05000230,Greenwich,235279.70786516854,1342166,12780.0,105.02081377649999,54354,,,0.040497226125531416
E05000231,Hackney,290292.59550561797,633333,3364.0,188.2678359125,63984,,,0.10102742159337978
E05000232,Hackney,290292.59550561797,596272,2736.0,217.935672515,63984,,,0.10730673249792042
E05000233,Hackney,290292.59550561797,661101,3636.0,181.82095710000002,63984,,,0.0967840012343046
E05000234,Hackney,290292.59550561797,537762,2808.0,191.51068376,63984,,,0.11898200319100272
E05000235,Hackney,290292.59550561797,711580,3708.0,191.9039913775,63984,,,0.08991821018016245
E05000236,Hackney,290292.59550561797,723781,3556.0,203.53796400000002,63984,,,0.08840243112212119
E05000237,Hackney,290292.59550561797,599728,3120.0,192.22051282249998,63984,,,0.10668836539231118
E05000238,Hackney,290292.59550561797,588505,4072.0,144.52480353250002,63984,,,0.10872295052718328
E05000239,Hackney,290292.59550561797,813534,4972.0,163.6230893025,63984,,,0.07864944796406788
E05000240,Hackney,290292.59550561797,755338,3356.0,225.0709177575,63984,,,0.08470909711943528
E05000241,Hackney,290292.59550561797,499333,7256.0,68.8165656015,63984,,,0.12813893734241477
E05000242,Hackney,290292.59550561797,638209,4256.0,149.95512217499999,63984,,,0.10025555891565302
E05000243,Hackney,290292.59550561797,584901,4764.0,122.7751889175,63984,,,0.1093928716141706
E05000244,Hackney,290292.59550561797,844900,3932.0,214.87792472249998,63984,,,0.07572967215055036
E05000245,Hackney,290292.59550561797,605503,4320.0,140.16273148,63984,,,0.1056708224401861
E05000246,Hackney,290292.59550561797,613952,3808.0,161.226890755,63984,,,0.10421661628270613
E05000247,Hackney,290292.59550561797,554951,2848.0,194.85639044500002,63984,,,0.11529666583175811
E05000248,Hackney,290292.59550561797,572660,3216.0,178.0659204,63984,,,0.11173121922257535
E05000249,Hackney,290292.59550561797,637717,6528.0,97.68949142049999,63984,,,0.10033290628915334
E05000250,Hammersmith And Fulham,499155.80898876407,501566,2212.0,226.74773959499998,41214,,,0.08217064155066332
E05000251,Hammersmith And Fulham,499155.80898876407,602803,3036.0,198.551712775,41214,,,0.06837059536863618
E05000252,Hammersmith And Fulham,499155.80898876407,498214,3580.0,139.16592177750002,41214,,,0.08272348830020834
E05000253,Hammersmith And Fulham,499155.80898876407,1208316,13760.0,87.81366279175,41214,,,0.03410862721341106
E05000254,Hammersmith And Fulham,499155.80898876407,504664,2668.0,189.15442278999998,41214,,,0.08166621752294596
E05000255,Hammersmith And Fulham,499155.80898876407,523972,3528.0,148.518140585,41214,,,0.07865687479483637
E05000256,Hammersmith And Fulham,499155.80898876407,691199,4416.0,156.52151268749998,41214,,,0.05962682237676849
E05000257,Hammersmith And Fulham,499155.80898876407,452327,2492.0,181.5116372375,41214,,,0.0911154983010079
E05000258,Hammersmith And Fulham,499155.80898876407,646476,2552.0,253.32131661,41214,,,0.06375178660924767
E05000259,Hammersmith And Fulham,499155.80898876407,301943,5924.0,50.9694463205,41214,,,0.13649596115823184
E05000260,Hammersmith And Fulham,499155.80898876407,472839,3592.0,131.63669265250002,41214,,,0.08716286093152215
E05000261,Hammersmith And Fulham,499155.80898876407,445073,4880.0,91.203483607,41214,,,0.09260053968674802
E05000262,Hammersmith And Fulham,499155.80898876407,689894,5508.0,125.25308642350001,41214,,,0.05973961217230473
E05000263,Hammersmith And Fulham,499155.80898876407,689218,4268.0,161.48500469,41214,,,0.05979820608283591
E05000264,Hammersmith And Fulham,499155.80898876407,462669,2600.0,177.94961538249999,41214,,,0.08907880147578506
E05000265,Hammersmith And Fulham,499155.80898876407,546448,3616.0,151.1194690275,41214,,,0.07542163206746114
E05000266,Haringey,318678.797752809,495176,10452.0,47.376195943,55472,,,0.11202481541916409
E05000267,Haringey,318678.797752809,595700,5536.0,107.60476878075,55472,,,0.09312069833808964
E05000268,Haringey,318678.797752809,624072,3724.0,167.5810955925,55472,,,0.08888717968439538
E05000269,Haringey,318678.797752809,537454,5760.0,93.30798611325,55472,,,0.10321255400462179
E05000270,Haringey,318678.797752809,544226,7976.0,68.23294884650001,55472,,,0.10192824304608747
E05000271,Haringey,318678.797752809,603869,6248.0,96.64996798525,55472,,,0.09186098309401543
E05000272,Haringey,318678.797752809,511161,9996.0,51.136554622,55472,,,0.10852158126304629
E05000273,Haringey,318678.797752809,548436,4220.0,129.96113744,55472,,,0.10114580370362267
E05000274,Haringey,318678.797752809,506970,6608.0,76.720641646,55472,,,0.109418703276328
E05000275,Haringey,318678.797752809,827555,4920.0,168.2022357725,55472,,,0.06703119430128511
E05000276,Haringey,318678.797752809,922658,7532.0,122.49840679900001,55472,,,0.06012195201255503
E05000277,Haringey,318678.797752809,678598,4388.0,154.64858705249998,55472,,,0.08174500956383603
E05000278,Haringey,318678.797752809,766767,5168.0,148.368227555,55472,,,0.0723453148088011
E05000279,Haringey,318678.797752809,495700,4380.0,113.1735159925,55472,,,0.11190639499697398
E05000280,Haringey,318678.797752809,786574,5444.0,144.48457016,55472,,,0.07052356167379038
E05000281,Haringey,318678.797752809,885026,7644.0,115.78048142025,55472,,,0.06267838458983126
E05000282,Haringey,318678.797752809,590293,5592.0,105.5602646675,55472,,,0.09397367070251553
E05000283,Haringey,318678.797752809,535506,6788.0,78.89010017675,55472,,,0.1035880083509802
E05000284,Haringey,318678.797752809,676813,5968.0,113.40700401525001,55472,,,0.08196060063858111
E05000285,Harrow,280087.78651685396,471309,7116.0,66.232293423,32572,8.0,1.0,0.06910964993242226
E05000286,Harrow,280087.78651685396,639944,22524.0,28.411649795749998,32572,8.0,1.0,0.05089820359281437
E05000287,Harrow,280087.78651685396,582803,5604.0,103.997680224,32572,8.0,1.0,0.05588852493895879
E05000288,Harrow,280087.78651685396,750099,6988.0,107.341013165,32572,8.0,1.0,0.04342360141794616
E05000289,Harrow,280087.78651685396,544365,14300.0,38.06748251675,32572,8.0,1.0,0.059834853453105914
E05000290,Harrow,280087.78651685396,492532,18356.0,26.8322074525,32572,8.0,1.0,0.06613174372426563
E05000291,Harrow,280087.78651685396,463826,13124.0,35.3418165195,32572,8.0,1.0,0.07022461009085304
E05000292,Harrow,280087.78651685396,484077,13180.0,36.72814871,32572,8.0,1.0,0.06728681594043923
E05000293,Harrow,280087.78651685396,507552,5848.0,86.7906976755,32572,8.0,1.0,0.06417470525187567
E05000294,Harrow,280087.78651685396,459179,5124.0,89.61338797825,32572,8.0,1.0,0.07093529974149515
E05000295,Harrow,280087.78651685396,488238,7060.0,69.15552407925,32572,8.0,1.0,0.06671336520303622
E05000296,Harrow,280087.78651685396,724806,6584.0,110.085965974,32572,8.0,1.0,0.044938921587293706
E05000297,Harrow,280087.78651685396,435148,13080.0,33.268195718499996,32572,8.0,1.0,0.07485269379613373
E05000298,Harrow,280087.78651685396,462088,9412.0,49.09562261,32572,8.0,1.0,0.07048873807586434
E05000299,Harrow,280087.78651685396,511815,6452.0,79.32656540675,32572,8.0,1.0,0.06364018248781297
E05000300,Harrow,280087.78651685396,489570,6120.0,79.99509803974999,32572,8.0,1.0,0.06653185448454767
E05000301,Harrow,280087.78651685396,543533,6024.0,90.22792164674999,32572,8.0,1.0,0.05992644420853931
E05000302,Harrow,280087.78651685396,490268,6304.0,77.770939086,32572,8.0,1.0,0.0664371323439425
E05000303,Harrow,280087.78651685396,501723,17824.0,28.148732047,32572,8.0,1.0,0.0649202846989275
E05000304,Harrow,280087.78651685396,528180,4772.0,110.683151719,32572,8.0,1.0,0.061668370631224205
E05000305,Harrow,280087.78651685396,469287,6084.0,77.13461538499999,32572,8.0,1.0,0.06940742019276051
E05000306,Havering,206996.91011235956,883178,16804.0,52.557605331000005,38540,198.0,5.0,0.04363786235617282
E05000307,Havering,206996.91011235956,552328,26224.0,21.06192800525,38540,198.0,5.0,0.06977737865905766
E05000308,Havering,206996.91011235956,587438,14668.0,40.04895009525,38540,198.0,5.0,0.06560692362428035
E05000309,Havering,206996.91011235956,517878,18556.0,27.90892433775,38540,198.0,5.0,0.07441907167325124
E05000310,Havering,206996.91011235956,675196,31044.0,21.749645663749998,38540,198.0,5.0,0.05707972203626799
E05000311,Havering,206996.91011235956,591182,9844.0,60.055058919500006,38540,198.0,5.0,0.065191430050306
E05000312,Havering,206996.91011235956,647394,30384.0,21.307069509999998,38540,198.0,5.0,0.05953098113359098
E05000313,Havering,206996.91011235956,574057,39152.0,14.6622650185,38540,198.0,5.0,0.06713619030862789
E05000314,Havering,206996.91011235956,579316,13660.0,42.4096632505,38540,198.0,5.0,0.06652673152476368
E05000315,Havering,206996.91011235956,569034,11608.0,49.02084769175,38540,198.0,5.0,0.06772881761019553
E05000316,Havering,206996.91011235956,575241,12196.0,47.16636602125,38540,198.0,5.0,0.06699800605311512
E05000317,Havering,206996.91011235956,574270,15812.0,36.3186187705,38540,198.0,5.0,0.06711128911487628
E05000318,Havering,206996.91011235956,569466,67600.0,8.4240532544,38540,198.0,5.0,0.0676774381613652
E05000319,Havering,206996.91011235956,979712,11464.0,85.459874385,38540,198.0,5.0,0.03933809119414685
E05000320,Havering,206996.91011235956,625993,10748.0,58.24274283675,38540,198.0,5.0,0.061566183647420974
E05000321,Havering,206996.91011235956,861248,27388.0,31.446180809250002,38540,198.0,5.0,0.0447490153823289
E05000322,Havering,206996.91011235956,619085,10584.0,58.492535903500006,38540,198.0,5.0,0.06225316394356187
E05000323,Havering,206996.91011235956,597709,90136.0,6.6311906452,38540,198.0,5.0,0.06447953770145673
E05000324,Hillingdon,237359.1797752809,558637,8476.0,65.90809344075,47277,935.0,5.0,0.08462919570311311
E05000325,Hillingdon,237359.1797752809,1097957,17488.0,62.783451509500004,47277,935.0,5.0,0.04305906333308135
E05000326,Hillingdon,237359.1797752809,597896,13108.0,45.613060726,47277,935.0,5.0,0.07907228012898564
E05000327,Hillingdon,237359.1797752809,536952,8052.0,66.68554396475,47277,935.0,5.0,0.08804697626603496
E05000328,Hillingdon,237359.1797752809,531496,11892.0,44.69357551275,47277,935.0,5.0,0.08895081054231829
E05000329,Hillingdon,237359.1797752809,613175,16232.0,37.775689995250005,47277,935.0,5.0,0.07710196925836833
E05000330,Hillingdon,237359.1797752809,312864,60896.0,5.13767735165,47277,935.0,5.0,0.1511103866216631
E05000331,Hillingdon,237359.1797752809,560442,94100.0,5.955812964925,47277,935.0,5.0,0.08435663280053958
E05000332,Hillingdon,237359.1797752809,572798,14376.0,39.844045632000004,47277,935.0,5.0,0.08253695019884846
E05000333,Hillingdon,237359.1797752809,454072,24828.0,18.288706299,47277,935.0,5.0,0.10411784915167639
E05000334,Hillingdon,237359.1797752809,527660,7896.0,66.82624113475,47277,935.0,5.0,0.08959746806655801
E05000335,Hillingdon,237359.1797752809,472627,29624.0,15.954192545999998,47277,935.0,5.0,0.10003025641785171
E05000336,Hillingdon,237359.1797752809,521729,13312.0,39.192382813,47277,935.0,5.0,0.09061600946085037
E05000337,Hillingdon,237359.1797752809,669091,10976.0,60.959456997749996,47277,935.0,5.0,0.0706585501822622
E05000338,Hillingdon,237359.1797752809,581550,29644.0,19.61779786775,47277,935.0,5.0,0.08129481557905598
E05000339,Hillingdon,237359.1797752809,774846,13992.0,55.3777873075,47277,935.0,5.0,0.06101470485748136
E05000340,Hillingdon,237359.1797752809,765768,18532.0,41.32139002875,47277,935.0,5.0,0.06173801987024791
E05000341,Hillingdon,237359.1797752809,685313,12468.0,54.9657523255,47277,935.0,5.0,0.06898599617984774
E05000342,Hillingdon,237359.1797752809,759342,13960.0,54.39412607475,47277,935.0,5.0,0.06226048341853868
E05000343,Hillingdon,237359.1797752809,506108,17560.0,28.821640090749998,47277,935.0,5.0,0.09341286839963012
E05000344,Hillingdon,237359.1797752809,608821,9328.0,65.26811749525,47277,935.0,5.0,0.07765336609611036
E05000345,Hillingdon,237359.1797752809,662310,16052.0,41.260279093499996,47277,935.0,5.0,0.0713819812474521
E05000346,Hounslow,278639.96629213484,539488,17788.0,30.32876096275,52078,,,0.09653226763153212
E05000347,Hounslow,278639.96629213484,820298,12748.0,64.3471917165,52078,,,0.06348668410748289
E05000348,Hounslow,278639.96629213484,479122,9024.0,53.09419326175,52078,,,0.10869465397122235
E05000349,Hounslow,278639.96629213484,468866,8324.0,56.327006245999996,52078,,,0.11107224665469452
E05000350,Hounslow,278639.96629213484,538233,10892.0,49.415442526999996,52078,,,0.09675735229909724
E05000351,Hounslow,278639.96629213484,545771,13536.0,40.319961584,52078,,,0.09542097326534389
E05000352,Hounslow,278639.96629213484,664374,12728.0,52.19783155275,52078,,,0.07838657141911032
E05000353,Hounslow,278639.96629213484,484668,13004.0,37.27068594275,52078,,,0.10745087358769302
E05000354,Hounslow,278639.96629213484,621203,14564.0,42.653323262,52078,,,0.08383410897886842
E05000355,Hounslow,278639.96629213484,556766,6740.0,82.6062314535,52078,,,0.09353660245058068
E05000356,Hounslow,278639.96629213484,590916,8016.0,73.71706586799999,52078,,,0.08813096954558686
E05000357,Hounslow,278639.96629213484,520997,15320.0,34.00763707525,52078,,,0.09995834908838247
E05000358,Hounslow,278639.96629213484,942222,6944.0,135.68865207925,52078,,,0.05527147529987625
E05000359,Hounslow,278639.96629213484,686062,11148.0,61.541263007249995,52078,,,0.07590859135180203
E05000360,Hounslow,278639.96629213484,507096,7172.0,70.70496374775,52078,,,0.10269850284758704
E05000361,Hounslow,278639.96629213484,699634,6484.0,107.90160395000001,52078,,,0.0744360622839942
E05000362,Hounslow,278639.96629213484,514774,8124.0,63.364598720000004,52078,,,0.10116672559220162
E05000363,Hounslow,278639.96629213484,638278,25348.0,25.18060596475,52078,,,0.08159140687913417
E05000364,Hounslow,278639.96629213484,745980,11408.0,65.39095371625,52078,,,0.06981152309713397
E05000365,Hounslow,278639.96629213484,537296,7064.0,76.0611551535,52078,,,0.09692608915755933
E05000366,Islington,397211.393258427,576417,3320.0,173.61957831249998,60436,1.0,1.0,0.10484770574080918
E05000367,Islington,397211.393258427,858963,4356.0,197.19077135499998,60436,1.0,1.0,0.07035925878064596
E05000368,Islington,397211.393258427,713291,4552.0,156.69837434250002,60436,1.0,1.0,0.08472839275975724
E05000369,Islington,397211.393258427,546819,3228.0,169.39869888,60436,1.0,1.0,0.11052286039804762
E05000370,Islington,397211.393258427,552416,3740.0,147.7048128425,60436,1.0,1.0,0.10940305856456004
E05000371,Islington,397211.393258427,705356,3664.0,192.509825325,60436,1.0,1.0,0.08568155654733213
E05000372,Islington,397211.393258427,563920,4016.0,140.418326695,60436,1.0,1.0,0.1071712299616967
E05000373,Islington,397211.393258427,757298,4328.0,174.9764325425,60436,1.0,1.0,0.0798047796244015
E05000374,Islington,397211.393258427,536493,3300.0,162.5736363625,60436,1.0,1.0,0.11265011845448124
E05000375,Islington,397211.393258427,697652,4036.0,172.857284445,60436,1.0,1.0,0.08662771697063866
E05000376,Islington,397211.393258427,553357,4112.0,134.57125487000002,60436,1.0,1.0,0.10921701541681049
E05000377,Islington,397211.393258427,612863,3304.0,185.4912227575,60436,1.0,1.0,0.09861257736231425
E05000378,Islington,397211.393258427,618753,3384.0,182.846631205,60436,1.0,1.0,0.0976738698640653
E05000379,Islington,397211.393258427,551021,3476.0,158.5215765275,60436,1.0,1.0,0.10968003034367112
E05000380,Islington,397211.393258427,636662,3240.0,196.5006172825,60436,1.0,1.0,0.09492635024549918
E05000381,Islington,397211.393258427,594044,3388.0,175.33766234750001,60436,1.0,1.0,0.10173657170175947
E05000382,Kensington And Chelsea,1009102.3820224719,500500,2516.0,198.92686804,44159,,,0.08822977022977023
E05000383,Kensington And Chelsea,1009102.3820224719,369191,3820.0,96.64685863874999,44159,,,0.11961017467923107
E05000384,Kensington And Chelsea,1009102.3820224719,344494,3648.0,94.43366228049999,44159,,,0.12818510627180735
E05000385,Kensington And Chelsea,1009102.3820224719,330422,1564.0,211.2672634175,44159,,,0.13364424886962734
E05000386,Kensington And Chelsea,1009102.3820224719,355203,1928.0,184.233921165,44159,,,0.12432045900513228
E05000387,Kensington And Chelsea,1009102.3820224719,335633,2448.0,137.104983655,44159,,,0.13156930337600892
E05000388,Kensington And Chelsea,1009102.3820224719,426930,1836.0,232.53267973500002,44159,,,0.10343381819033565
E05000389,Kensington And Chelsea,1009102.3820224719,537493,3796.0,141.5945732345,44159,,,0.08215734902594081
E05000390,Kensington And Chelsea,1009102.3820224719,355039,2208.0,160.7966485425,44159,,,0.12437788524640955
E05000391,Kensington And Chelsea,1009102.3820224719,399825,4156.0,96.20428296349999,44159,,,0.11044582004627024
E05000392,Kensington And Chelsea,1009102.3820224719,348597,2908.0,119.875171945,44159,,,0.12667636267667248
E05000393,Kensington And Chelsea,1009102.3820224719,374514,2492.0,150.28651685,44159,,,0.11791014488109924
E05000394,Kensington And Chelsea,1009102.3820224719,310671,1952.0,159.1552254075,44159,,,0.14214072121311613
E05000395,Kensington And Chelsea,1009102.3820224719,402190,2420.0,166.194214875,44159,,,0.10979636490216067
E05000396,Kensington And Chelsea,1009102.3820224719,379174,2776.0,136.5900576375,44159,,,0.11646104426991302
E05000397,Kensington And Chelsea,1009102.3820224719,291290,3604.0,80.824084351,44159,,,0.15159806378523122
E05000398,Kensington And Chelsea,1009102.3820224719,361858,2836.0,127.59449930000001,44159,,,0.1220340575584898
E05000399,Kensington And Chelsea,1009102.3820224719,331342,2652.0,124.94042232249998,44159,,,0.13327317394112428
E05000400,Kingston Upon Thames,302272.0561797753,463516,10708.0,43.2868883075,22709,2.0,1.0,0.04899291502342961
E05000401,Kingston Upon Thames,302272.0561797753,458945,5808.0,79.01945592324999,22709,2.0,1.0,0.049480874614605236
E05000402,Kingston Upon Thames,302272.0561797753,511536,7520.0,68.023404255,22709,2.0,1.0,0.044393747458634385
E05000403,Kingston Upon Thames,302272.0561797753,680335,4964.0,137.0537872625,22709,2.0,1.0,0.03337914409812813
E05000404,Kingston Upon Thames,302272.0561797753,375639,7716.0,48.68312597175,22709,2.0,1.0,0.06045431917346175
E05000405,Kingston Upon Thames,302272.0561797753,451692,30208.0,14.95272775375,22709,2.0,1.0,0.0502754089069543
E05000406,Kingston Upon Thames,302272.0561797753,486089,17640.0,27.5560657605,22709,2.0,1.0,0.04671778213454738
E05000407,Kingston Upon Thames,302272.0561797753,430667,6588.0,65.3714329085,22709,2.0,1.0,0.05272983534842465
E05000408,Kingston Upon Thames,302272.0561797753,687920,7680.0,89.57291666875,22709,2.0,1.0,0.03301110594255146
E05000409,Kingston Upon Thames,302272.0561797753,607663,5392.0,112.6971439205,22709,2.0,1.0,0.03737104283130617
E05000410,Kingston Upon Thames,302272.0561797753,470775,7220.0,65.20429362925,22709,2.0,1.0,0.048237480749827415
E05000411,Kingston Upon Thames,302272.0561797753,410736,8668.0,47.38532533475,22709,2.0,1.0,0.05528855517899575
E05000412,Kingston Upon Thames,302272.0561797753,498718,5504.0,90.610101745,22709,2.0,1.0,0.04553475110182508
E05000413,Kingston Upon Thames,302272.0561797753,475337,6656.0,71.414813702,22709,2.0,1.0,0.04777452628345784
E05000414,Kingston Upon Thames,302272.0561797753,547476,10380.0,52.74335260074999,22709,2.0,1.0,0.04147944384776684
E05000415,Kingston Upon Thames,302272.0561797753,397645,6332.0,62.799273531000004,22709,2.0,1.0,0.05710872763394485
E05000416,Lambeth,308215.6853932584,500534,6136.0,81.57333767899999,74292,,,0.1484254815856665
E05000417,Lambeth,308215.6853932584,717857,4516.0,158.9585916725,74292,,,0.10349136387887839
E05000418,Lambeth,308215.6853932584,601373,5372.0,111.94583022525,74292,,,0.123537305465992
E05000419,Lambeth,308215.6853932584,629486,4480.0,140.510267855,74292,,,0.1180200989378636
E05000420,Lambeth,308215.6853932584,771534,4832.0,159.67177152,74292,,,0.09629128463554425
E05000421,Lambeth,308215.6853932584,714215,3412.0,209.32444314499998,74292,,,0.10401909789069118
E05000422,Lambeth,308215.6853932584,629200,6280.0,100.19108280075,74292,,,0.1180737444373808
E05000423,Lambeth,308215.6853932584,682212,8128.0,83.9335629925,74292,,,0.108898700110816
E05000424,Lambeth,308215.6853932584,640481,5892.0,108.7034962625,74292,,,0.11599407320435735
E05000425,Lambeth,308215.6853932584,813153,4236.0,191.96246459,74292,,,0.09136288004840418
E05000426,Lambeth,308215.6853932584,901137,5100.0,176.69352940250002,74292,,,0.08244251429027995
E05000427,Lambeth,308215.6853932584,704040,4648.0,151.47160069,74292,,,0.105522413499233
E05000428,Lambeth,308215.6853932584,675558,5796.0,116.5559006225,74292,,,0.10997131260380308
E05000429,Lambeth,308215.6853932584,652607,3476.0,187.74654775,74292,,,0.11383880344525879
E05000430,Lambeth,308215.6853932584,654621,5092.0,128.558719565,74292,,,0.1134885681944209
E05000431,Lambeth,308215.6853932584,618292,6792.0,91.03239104824999,74292,,,0.12015681910812367
E05000432,Lambeth,308215.6853932584,696014,5804.0,119.91971054999999,74292,,,0.10673923225682241
E05000433,Lambeth,308215.6853932584,674900,4332.0,155.79409048,74292,,,0.1100785301526152
E05000434,Lambeth,308215.6853932584,590190,6060.0,97.39108911175,74292,,,0.12587810705027194
E05000435,Lambeth,308215.6853932584,665899,4116.0,161.783041785,74292,,,0.11156646878881031
E05000436,Lambeth,308215.6853932584,673106,4516.0,149.04915855250002,74292,,,0.11037191764744335
E05000437,Lewisham,221370.7191011236,651060,12340.0,52.760129659250005,57999,,,0.08908395539581605
E05000438,Lewisham,221370.7191011236,638880,9252.0,69.053177691,57999,,,0.09078230653643876
E05000439,Lewisham,221370.7191011236,773156,6744.0,114.643535,57999,,,0.0750159088204709
E05000440,Lewisham,221370.7191011236,634658,7472.0,84.93816916525,57999,,,0.09138622691276246
E05000441,Lewisham,221370.7191011236,644274,6884.0,93.59006391925,57999,,,0.09002225761089226
E05000442,Lewisham,221370.7191011236,640321,9556.0,67.00722059425,57999,,,0.09057800696837992
E05000443,Lewisham,221370.7191011236,1204024,7096.0,169.67643743175,57999,,,0.04817096669169385
E05000444,Lewisham,221370.7191011236,680844,7312.0,93.11323851025,57999,,,0.08518691506424379
E05000445,Lewisham,221370.7191011236,624337,9568.0,65.252612876,57999,,,0.09289694507934017
E05000446,Lewisham,221370.7191011236,624067,6436.0,96.96504039425,57999,,,0.09293713655745296
E05000447,Lewisham,221370.7191011236,667317,7236.0,92.2218076275,57999,,,0.08691371567036356
E05000448,Lewisham,221370.7191011236,1131804,8224.0,137.62208170925,57999,,,0.05124473848828949
E05000449,Lewisham,221370.7191011236,1025863,7268.0,141.14790864424998,57999,,,0.05653678902543517
E05000450,Lewisham,221370.7191011236,676217,6736.0,100.388509502,57999,,,0.08576980466329595
E05000451,Lewisham,221370.7191011236,851736,7124.0,119.558674899,57999,,,0.06809504353461636
E05000452,Lewisham,221370.7191011236,691095,6980.0,99.01074498675,57999,,,0.08392333904890066
E05000453,Lewisham,221370.7191011236,736132,6176.0,119.192357515,57999,,,0.07878885851993936
E05000454,Lewisham,221370.7191011236,633135,8896.0,71.17075089975,57999,,,0.09160605558056338
E05000455,Merton,326767.4943820225,507724,5572.0,91.1206030135,26835,,,0.05285351884094508
E05000456,Merton,326767.4943820225,406862,8896.0,45.7353866905,26835,,,0.06595602440139409
E05000457,Merton,326767.4943820225,499701,4444.0,112.44396939600001,26835,,,0.053702113864090725
E05000458,Merton,326767.4943820225,564104,11988.0,47.055722388,26835,,,0.047571015273779306
E05000459,Merton,326767.4943820225,433128,4604.0,94.07645525550001,26835,,,0.06195628082229734
E05000460,Merton,326767.4943820225,539502,4572.0,118.001312339,26835,,,0.04974031606926388
E05000461,Merton,326767.4943820225,428471,3536.0,121.17392533750001,26835,,,0.0626296762207944
E05000462,Merton,326767.4943820225,392569,4736.0,82.8904138515,26835,,,0.0683574097801915
E05000463,Merton,326767.4943820225,509671,4720.0,107.98114407774999,26835,,,0.0526516125108158
E05000464,Merton,326767.4943820225,434268,5924.0,73.3065496285,26835,,,0.06179363895106248
E05000465,Merton,326767.4943820225,357832,7232.0,49.47898230075,26835,,,0.07499329294193924
E05000466,Merton,326767.4943820225,496955,7268.0,68.3757567425,26835,,,0.0539988530148605
E05000467,Merton,326767.4943820225,425525,8636.0,49.273390459,26835,,,0.06306327477821515
E05000468,Merton,326767.4943820225,507639,7352.0,69.04774211125,26835,,,0.05286236873053489
E05000469,Merton,326767.4943820225,425586,7412.0,57.418510523500004,26835,,,0.06305423580662897
E05000470,Merton,326767.4943820225,487705,7368.0,66.1923181315,26835,,,0.055023015962518323
E05000471,Merton,326767.4943820225,429754,4296.0,100.0358472985,26835,,,0.06244269977708177
E05000472,Merton,326767.4943820225,341760,24872.0,13.7407526535,26835,,,0.07852001404494383
E05000473,Merton,326767.4943820225,455859,7804.0,58.413505894000004,26835,,,0.058866886471474734
E05000474,Merton,326767.4943820225,560377,9200.0,60.910543478,26835,,,0.047887404372413574
E05000475,Newham,188621.1797752809,1096003,25024.0,43.79807384875,79421,,,0.07246421770743328
E05000476,Newham,188621.1797752809,787147,3664.0,214.832696505,79421,,,0.10089729110318657
E05000477,Newham,188621.1797752809,1030865,10092.0,102.146749903,79421,,,0.07704306577485898
E05000478,Newham,188621.1797752809,1118619,7268.0,153.91015410075,79421,,,0.070999151632504
E05000479,Newham,188621.1797752809,620373,8252.0,75.17850218225,79421,,,0.1280213677900231
E05000480,Newham,188621.1797752809,782510,4156.0,188.2844080825,79421,,,0.1014951885598906
E05000481,Newham,188621.1797752809,574375,3616.0,158.8426438125,79421,,,0.13827377584330794
E05000482,Newham,188621.1797752809,645255,7248.0,89.02524834475,79421,,,0.12308467195139906
E05000483,Newham,188621.1797752809,659637,4984.0,132.35092295249999,79421,,,0.12040106907283854
E05000484,Newham,188621.1797752809,774312,4768.0,162.397651005,79421,,,0.10256976515926397
E05000485,Newham,188621.1797752809,685906,2972.0,230.7893674325,79421,,,0.11578991873522028
E05000486,Newham,188621.1797752809,664485,3220.0,206.3618012425,79421,,,0.11952263783230622
E05000487,Newham,188621.1797752809,711931,7596.0,93.7244602425,79421,,,0.11155715933145206
E05000488,Newham,188621.1797752809,630645,5400.0,116.7861111125,79421,,,0.12593614474070197
E05000489,Newham,188621.1797752809,650302,3924.0,165.724260955,79421,,,0.12212941064305508
E05000490,Newham,188621.1797752809,713617,5544.0,128.7187950925,79421,,,0.11129359306182449
E05000491,Newham,188621.1797752809,1098950,19172.0,57.32057166775,79421,,,0.07226989398971746
E05000492,Newham,188621.1797752809,2202376,16948.0,129.94902053475,79421,,,0.03606150811668852
E05000493,Newham,188621.1797752809,637801,5516.0,115.62744743,79421,,,0.12452316631676652
E05000494,Newham,188621.1797752809,666042,5340.0,124.7269662825,79421,,,0.11924323090736019
E05000495,Redbridge,236802.1797752809,780864,34448.0,22.6679052485,47390,,,0.06068918531267929
E05000496,Redbridge,236802.1797752809,589717,6108.0,96.54829731775,47390,,,0.08036057973570374
E05000497,Redbridge,236802.1797752809,513144,10316.0,49.74253586675,47390,,,0.0923522442043559
E05000498,Redbridge,236802.1797752809,701767,6056.0,115.87962351125,47390,,,0.06752953615658759
E05000499,Redbridge,236802.1797752809,542605,5968.0,90.91906836525,47390,,,0.08733793459330452
E05000500,Redbridge,236802.1797752809,573075,9964.0,57.51455238925,47390,,,0.08269423722898399
E05000501,Redbridge,236802.1797752809,931698,5084.0,183.26081825,47390,,,0.05086412120665709
E05000502,Redbridge,236802.1797752809,590284,9624.0,61.33458021675,47390,,,0.08028338901274641
E05000503,Redbridge,236802.1797752809,604753,14376.0,42.06684752375,47390,,,0.07836257116541795
E05000504,Redbridge,236802.1797752809,561577,8740.0,64.25366132725,47390,,,0.08438735916891184
E05000505,Redbridge,236802.1797752809,608280,6592.0,92.27548543725,47390,,,0.0779082001709739
E05000506,Redbridge,236802.1797752809,571675,22568.0,25.33122119725,47390,,,0.08289675077622775
E05000507,Redbridge,236802.1797752809,940819,5148.0,182.7542735,47390,,,0.05037100653792068
E05000508,Redbridge,236802.1797752809,631239,7536.0,83.7631369425,47390,,,0.0750745755569602
E05000509,Redbridge,236802.1797752809,467093,12300.0,37.97504065175,47390,,,0.10145731149899484
E05000510,Redbridge,236802.1797752809,870081,8468.0,102.74929144724999,47390,,,0.0544661933773982
E05000511,Redbridge,236802.1797752809,534603,9376.0,57.01823805575,47390,,,0.08864521897557627
E05000512,Redbridge,236802.1797752809,845757,8328.0,101.55583573599999,47390,,,0.056032642945905264
E05000513,Redbridge,236802.1797752809,541803,7944.0,68.20279456325,47390,,,0.08746721594380245
E05000514,Redbridge,236802.1797752809,743243,6008.0,123.70888815225001,47390,,,0.06376111177636386
E05000515,Redbridge,236802.1797752809,503720,20792.0,24.22662562525,47390,,,0.09408004446914953
E05000516,Richmond Upon Thames,447609.3595505618,423459,12040.0,35.17101328875,23329,,,0.0550915200763238
E05000517,Richmond Upon Thames,447609.3595505618,479894,23340.0,20.56101113925,23329,,,0.04861281866412166
E05000518,Richmond Upon Thames,447609.3595505618,469019,7672.0,61.133863399999996,23329,,,0.04973998921152448
E05000519,Richmond Upon Thames,447609.3595505618,459516,37784.0,12.161655727,23329,,,0.05076863482446748
E05000520,Richmond Upon Thames,447609.3595505618,449835,27508.0,16.352879162249998,23329,,,0.05186123800949237
E05000521,Richmond Upon Thames,447609.3595505618,385569,7800.0,49.43192307675,23329,,,0.06050538295350508
E05000522,Richmond Upon Thames,447609.3595505618,464013,10984.0,42.2444464675,23329,,,0.050276608629499606
E05000523,Richmond Upon Thames,447609.3595505618,469172,7648.0,61.345711297499996,23329,,,0.049723768681848024
E05000524,Richmond Upon Thames,447609.3595505618,501178,14300.0,35.047412588,23329,,,0.04654833212950289
E05000525,Richmond Upon Thames,447609.3595505618,534088,7752.0,68.896800826,23329,,,0.04368006770419856
E05000526,Richmond Upon Thames,447609.3595505618,532179,11200.0,47.5159821425,23329,,,0.04383675417481712
E05000527,Richmond Upon Thames,447609.3595505618,548348,8024.0,68.3384845465,23329,,,0.04254415079475078
E05000528,Richmond Upon Thames,447609.3595505618,468221,10768.0,43.482633729499995,23329,,,0.049824762238344714
E05000529,Richmond Upon Thames,447609.3595505618,454086,6908.0,65.73335263425,23329,,,0.051375730588478837
E05000530,Richmond Upon Thames,447609.3595505618,472353,17184.0,27.487953911250003,23329,,,0.04938891041233992
E05000531,Richmond Upon Thames,447609.3595505618,466870,7848.0,59.489041793750005,23329,,,0.04996894210379763
E05000532,Richmond Upon Thames,447609.3595505618,469304,9824.0,47.77117263825,23329,,,0.049709782997800996
E05000533,Richmond Upon Thames,447609.3595505618,462327,6492.0,71.21487985249999,23329,,,0.05045995583212748
E05000534,Southwark,312693.202247191,567564,3740.0,151.75508020499998,77812,,,0.13709819509341678
E05000535,Southwark,312693.202247191,734502,3900.0,188.33384616,77812,,,0.1059384453684265
E05000536,Southwark,312693.202247191,956035,7052.0,135.5693420295,77812,,,0.08139032566799333
E05000537,Southwark,312693.202247191,666824,3292.0,202.5589307425,77812,,,0.11669046105119192
E05000538,Southwark,312693.202247191,510736,12936.0,39.48175633875,77812,,,0.15235268318661696
E05000539,Southwark,312693.202247191,557908,4076.0,136.8763493575,77812,,,0.13947102389641303
E05000540,Southwark,312693.202247191,727112,4576.0,158.8968531475,77812,,,0.10701515034822696
E05000541,Southwark,312693.202247191,607219,3508.0,173.095496,77812,,,0.128144870302148
E05000542,Southwark,312693.202247191,831908,4820.0,172.5950207425,77812,,,0.09353438120561408
E05000543,Southwark,312693.202247191,1045757,5744.0,182.0607590495,77812,,,0.07440734319732022
E05000544,Southwark,312693.202247191,634292,3328.0,190.592548075,77812,,,0.12267536087480214
E05000545,Southwark,312693.202247191,597232,5288.0,112.9409984875,77812,,,0.13028772738232378
E05000546,Southwark,312693.202247191,648580,3488.0,185.94610092,77812,,,0.11997286379475161
E05000547,Southwark,312693.202247191,574259,9012.0,63.721593430999995,77812,,,0.1354998354401063
E05000548,Southwark,312693.202247191,747303,5328.0,140.2595720775,77812,,,0.10412376238286211
E05000549,Southwark,312693.202247191,818773,5968.0,137.19386729675,77812,,,0.09503488756957057
E05000550,Southwark,312693.202247191,674304,3892.0,173.25385406,77812,,,0.115396023158694
E05000551,Southwark,312693.202247191,530318,5324.0,99.60894064425,77812,,,0.14672705810475978
E05000552,Southwark,312693.202247191,747468,7604.0,98.29931614575,77812,,,0.1041007775583704
E05000553,Southwark,312693.202247191,774483,5560.0,139.2955036025,77812,,,0.1004696035936231
E05000554,Southwark,312693.202247191,521157,11152.0,46.732155668000004,77812,,,0.14930625512081772
E05000555,Sutton,221764.3033707865,438275,19920.0,22.00175702775,25576,,,0.05835605498830643
E05000556,Sutton,221764.3033707865,454666,12244.0,37.1337798105,25576,,,0.05625228189484149
E05000557,Sutton,221764.3033707865,458217,9348.0,49.01765083325,25576,,,0.05581634902240641
E05000558,Sutton,221764.3033707865,470866,8108.0,58.074247656249995,25576,,,0.05431693942650351
E05000559,Sutton,221764.3033707865,444728,28224.0,15.7570861675,25576,,,0.0575093090608192
E05000560,Sutton,221764.3033707865,470544,15752.0,29.872016251999998,25576,,,0.05435410928627291
E05000561,Sutton,221764.3033707865,481266,7624.0,63.125131165000006,25576,,,0.05314316822713427
E05000562,Sutton,221764.3033707865,521814,6000.0,86.9690000005,25576,,,0.049013633210300986
E05000563,Sutton,221764.3033707865,476209,7924.0,60.097046946,25576,,,0.053707510777830744
E05000564,Sutton,221764.3033707865,640948,5240.0,122.31832061475,25576,,,0.039903393098972145
E05000565,Sutton,221764.3033707865,511440,7500.0,68.192,25576,,,0.05000782105427812
E05000566,Sutton,221764.3033707865,443848,5088.0,87.23427672950001,25576,,,0.05762333050954381
E05000567,Sutton,221764.3033707865,487282,7116.0,68.47695334425,25576,,,0.05248706088055787
E05000568,Sutton,221764.3033707865,477428,5928.0,80.53778677425001,25576,,,0.053570381293095506
E05000569,Sutton,221764.3033707865,506603,6468.0,78.32452071750001,25576,,,0.05048529124383393
E05000570,Sutton,221764.3033707865,473434,6876.0,68.85311227475,25576,,,0.0540223135642983
E05000571,Sutton,221764.3033707865,608654,8220.0,74.0454987835,25576,,,0.04202058969463768
E05000572,Sutton,221764.3033707865,552461,7828.0,70.57498722599999,25576,,,0.04629467057403147
E05000573,Tower Hamlets,288335.91011235956,631833,3292.0,191.9298298875,70814,,,0.11207708365976453
E05000574,Tower Hamlets,288335.91011235956,655687,3524.0,186.0632803675,70814,,,0.10799970107688577
E05000575,Tower Hamlets,288335.91011235956,1791078,11868.0,150.916582408,70814,,,0.03953708325377231
E05000576,Tower Hamlets,288335.91011235956,930353,7432.0,125.182050592,70814,,,0.0761151949851293
E05000577,Tower Hamlets,288335.91011235956,541290,5388.0,100.46213808375,70814,,,0.13082451181436938
E05000578,Tower Hamlets,288335.91011235956,987973,4296.0,229.9750931175,70814,,,0.07167604782721795
E05000579,Tower Hamlets,288335.91011235956,1080869,4896.0,220.76572712749999,70814,,,0.06551580256256771
E05000580,Tower Hamlets,288335.91011235956,820324,4568.0,179.58056041499998,70814,,,0.08632442790897256
E05000581,Tower Hamlets,288335.91011235956,625408,3600.0,173.724444445,70814,,,0.11322848444535408
E05000582,Tower Hamlets,288335.91011235956,711914,4280.0,166.3350467225,70814,,,0.0994698797888509
E05000583,Tower Hamlets,288335.91011235956,1713527,9832.0,174.280614319,70814,,,0.04132645706779059
E05000584,Tower Hamlets,288335.91011235956,741655,4072.0,182.135314345,70814,,,0.09548105251093837
E05000585,Tower Hamlets,288335.91011235956,706098,6024.0,117.21414342575,70814,,,0.10028919498426564
E05000586,Tower Hamlets,288335.91011235956,621653,3852.0,161.384475595,70814,,,0.11391242381199801
E05000587,Tower Hamlets,288335.91011235956,467604,2552.0,183.2304075225,70814,,,0.15144010744133926
E05000588,Tower Hamlets,288335.91011235956,633829,3116.0,203.4111039825,70814,,,0.1117241401071898
E05000589,Tower Hamlets,288335.91011235956,894753,3672.0,243.66911764749997,70814,,,0.0791436295826893
E05000590,Waltham Forest,209132.23595505618,587766,3440.0,170.86220931,47545,,,0.08089103486761738
E05000591,Waltham Forest,209132.23595505618,596655,4228.0,141.1199148575,47545,,,0.07968591564639532
E05000592,Waltham Forest,209132.23595505618,677056,7368.0,91.89142236775,47545,,,0.0702231425465545
E05000593,Waltham Forest,209132.23595505618,454087,14912.0,30.45111319725,47545,,,0.10470460506466822
E05000594,Waltham Forest,209132.23595505618,486151,7836.0,62.04070954525,47545,,,0.09779883205012434
E05000595,Waltham Forest,209132.23595505618,590030,7940.0,74.3110831235,47545,,,0.08058064844160466
E05000596,Waltham Forest,209132.23595505618,657579,3592.0,183.06765033,47545,,,0.07230309970360975
E05000597,Waltham Forest,209132.23595505618,546264,9400.0,58.11319148875,47545,,,0.0870366709136974
E05000598,Waltham Forest,209132.23595505618,458953,9672.0,47.4517162945,47545,,,0.10359448570986572
E05000599,Waltham Forest,209132.23595505618,692980,12244.0,56.5975171505,47545,,,0.06860948367918267
E05000600,Waltham Forest,209132.23595505618,662471,12888.0,51.402157044750005,47545,,,0.07176917933011408
E05000601,Waltham Forest,209132.23595505618,617225,4388.0,140.6620328125,47545,,,0.0770302563894852
E05000602,Waltham Forest,209132.23595505618,517429,8276.0,62.5216288065,47545,,,0.09188700285449791
E05000603,Waltham Forest,209132.23595505618,803716,10580.0,75.96559546325,47545,,,0.059156468205186906
E05000604,Waltham Forest,209132.23595505618,788644,8144.0,96.837426324,47545,,,0.06028702431008161
E05000605,Waltham Forest,209132.23595505618,586025,5240.0,111.83683206325,47545,,,0.0811313510515763
E05000606,Waltham Forest,209132.23595505618,698454,5816.0,120.09181568025001,47545,,,0.06807176993760505
E05000607,Waltham Forest,209132.23595505618,519525,7924.0,65.56347804175,47545,,,0.09151628891776142
E05000608,Waltham Forest,209132.23595505618,739790,3996.0,185.13263263250002,47545,,,0.0642682382838373
E05000609,Waltham Forest,209132.23595505618,626784,7380.0,84.9300813015,47545,,,0.07585547812324502
E05000610,Wandsworth,402509.52808988764,647335,4832.0,133.96833609,51464,,,0.07950134010983494
E05000611,Wandsworth,402509.52808988764,597369,7216.0,82.783952328,51464,,,0.08615110593284887
E05000612,Wandsworth,402509.52808988764,738629,5644.0,130.869773205,51464,,,0.06967503306802197
E05000613,Wandsworth,402509.52808988764,679789,6436.0,105.62290242275,51464,,,0.07570584401924715
E05000614,Wandsworth,402509.52808988764,781640,5820.0,134.302405495,51464,,,0.06584105214676833
E05000615,Wandsworth,402509.52808988764,644298,5652.0,113.9946921425,51464,,,0.07987608218557252
E05000616,Wandsworth,402509.52808988764,704931,4032.0,174.834077385,51464,,,0.07300572680163023
E05000617,Wandsworth,402509.52808988764,687772,4340.0,158.4728110625,51464,,,0.07482712294190516
E05000618,Wandsworth,402509.52808988764,634353,4924.0,128.82879772500002,51464,,,0.08112833075590405
E05000619,Wandsworth,402509.52808988764,679248,6716.0,101.13877307775,51464,,,0.07576614137987893
E05000620,Wandsworth,402509.52808988764,1519747,12832.0,118.43414900924999,51464,,,0.0338635312325012
E05000621,Wandsworth,402509.52808988764,725533,17696.0,40.99983047075,51464,,,0.0709326798367545
E05000622,Wandsworth,402509.52808988764,858782,5584.0,153.793338105,51464,,,0.05992673344341171
E05000623,Wandsworth,402509.52808988764,608239,3792.0,160.4005801625,51464,,,0.08461147673858467
E05000624,Wandsworth,402509.52808988764,742548,6088.0,121.96911958000001,51464,,,0.06930730403960417
E05000625,Wandsworth,402509.52808988764,753431,7684.0,98.051926076,51464,,,0.0683061886224485
E05000626,Wandsworth,402509.52808988764,734961,6416.0,114.55127805750001,51464,,,0.07002276311260053
E05000627,Wandsworth,402509.52808988764,660081,11040.0,59.7899456525,51464,,,0.07796618899801691
E05000628,Wandsworth,402509.52808988764,684104,6752.0,101.3187203755,51464,,,0.0752283278565832
E05000629,Wandsworth,402509.52808988764,631739,7384.0,85.55511917675,51464,,,0.08146402232567564
E05000630,Westminster,734395.7640449438,532978,4380.0,121.68447488500001,167568,,,0.3143994686459854
E05000631,Westminster,734395.7640449438,468436,2072.0,226.0791505825,167568,,,0.3577180233799281
E05000632,Westminster,734395.7640449438,569717,2892.0,196.99757954,167568,,,0.2941249778398749
E05000633,Westminster,734395.7640449438,505636,2436.0,207.5681444975,167568,,,0.3314004540815923
E05000634,Westminster,734395.7640449438,709598,1776.0,399.548423425,167568,,,0.23614497222370975
E05000635,Westminster,734395.7640449438,553325,1980.0,279.4570707125,167568,,,0.30283829575746624
E05000636,Westminster,734395.7640449438,658154,3836.0,171.57299271,167568,,,0.25460302603949836
E05000637,Westminster,734395.7640449438,426272,14372.0,29.659894238499998,167568,,,0.3931011185346445
E05000638,Westminster,734395.7640449438,620307,2520.0,246.15357142500002,167568,,,0.27013720625432247
E05000639,Westminster,734395.7640449438,518215,2544.0,203.700864785,167568,,,0.32335613596673196
E05000640,Westminster,734395.7640449438,474264,2584.0,183.538699685,167568,,,0.3533222002935074
E05000641,Westminster,734395.7640449438,513706,4004.0,128.2982017925,167568,,,0.3261943601982457
E05000642,Westminster,734395.7640449438,627739,2332.0,269.1848198875,167568,,,0.26693896667245465
E05000643,Westminster,734395.7640449438,542791,9024.0,60.14971187975,167568,,,0.3087155092844207
E05000644,Westminster,734395.7640449438,644884,13872.0,46.48817762425,167568,,,0.25984208012603816
E05000645,Westminster,734395.7640449438,370564,1776.0,208.6509009025,167568,,,0.452197191308384
E05000646,Westminster,734395.7640449438,506841,2744.0,184.7088192375,167568,,,0.33061255896819713
E05000647,Westminster,734395.7640449438,439360,2296.0,191.3588850125,167568,,,0.38139111434814277
E05000648,Westminster,734395.7640449438,580054,2696.0,215.1535608275,167568,,,0.2888834487823547
E05000649,Westminster,734395.7640449438,547428,7984.0,68.56563126275,167568,,,0.30610052828865164
